3-letter ISO country code,Country name,Currency unit,Year,Expenditure-side real GDP at chained PPPs (in mil. 2017US$),Output-side real GDP at chained PPPs (in mil. 2017US$),Population (in millions),Number of persons engaged (in millions),Average annual hours worked by persons engaged,"Human capital index, based on years of schooling and returns to education; see Human capital in PWT9.","Real consumption of households and government, at current PPPs (in mil. 2017US$)","Real domestic absorption, (real consumption plus investment), at current PPPs (in mil. 2017US$)",Expenditure-side real GDP at current PPPs (in mil. 2017US$),Output-side real GDP at current PPPs (in mil. 2017US$),Capital stock at current PPPs (in mil. 2017US$),Capital services levels at current PPPs (USA=1),TFP level at current PPPs (USA=1),Welfare-relevant TFP levels at current PPPs (USA=1),Real GDP at constant 2017 national prices (in mil. 2017US$),Real consumption at constant 2017 national prices (in mil. 2017US$),Real domestic absorption at constant 2017 national prices (in mil. 2017US$),Capital stock at constant 2017 national prices (in mil. 2017US$),Capital services at constant 2017 national prices (2017=1),TFP at constant national prices (2017=1),Welfare-relevant TFP at constant national prices (2017=1),Share of labour compensation in GDP at current national prices,Real internal rate of return,Average depreciation rate of the capital stock,"Exchange rate, national currency/USD (market+estimated)","Price level of CCON (PPP/XR), price level of USA GDPo in 2017=1","Price level of CDA (PPP/XR), price level of USA GDPo in 2017=1","Price level of CGDPo (PPP/XR), price level of USA GDPo in 2017=1","0/1/2/3/4: relative price data for consumption, investment and government is extrapolated (0), benchmark (1), interpolated (2), ICP PPP timeseries: benchmark or interpolated (3) or  ICP PPP timeseries: extrapolated (4)","0/1/2: relative price data for exports and imports is extrapolated (0), benchmark (1) or interpolated (2)",0/1: the exchange rate is market-based (0) or estimated (1),0/1: the observation on pl_gdpe or pl_gdpo is not an outlier (0) or an outlier (1),"0/1/2/3: the observation for irr is not an outlier (0), may be biased due to a low capital share (1), hit the lower bound of 1 percent (2), or is an outlier (3)",Correlation between expenditure shares of the country and the US (benchmark observations only),"Statistical capacity indicator (source: World Bank, developing countries only)",Share of household consumption at current PPPs,Share of gross capital formation at current PPPs,Share of government consumption at current PPPs,Share of merchandise exports at current PPPs,Share of merchandise imports at current PPPs,Share of residual trade and GDP statistical discrepancy at current PPPs,"Price level of household consumption,  price level of USA GDPo in 2017=1","Price level of capital formation,  price level of USA GDPo in 2017=1","Price level of government consumption,  price level of USA GDPo in 2017=1","Price level of exports, price level of USA GDPo in 2017=1","Price level of imports, price level of USA GDPo in 2017=1","Price level of the capital stock, price level of USA in 2017=1","Price level of the capital services, price level of USA=1",Labour_hours,gdp_per_capita_column,log A (Total Factor Productivity),log A' (Total Factor Productivity),log Labour Productivity,k (K/L),k tilde(K/AL)
ARG,Argentina,Argentine Peso,1950-01-01,50303.953125,50108.76171875,17.091823887850058,6.608832836151123,2034.0,1.8165029287338257,43743.45703125,48022.828125,49204.30078125,50511.765625,59449.3671875,,,,196688.453125,146144.53125,156731.921875,360603.28125,,,,0.4410236179828644,0.3081207573413849,0.02762860804796219,9.160470785481067e-13,0.200355663895607,0.22017164528369904,0.21447265148162842,,,,,,,,0.7870901823043823,0.08472026884555817,0.07891510426998138,0.12253962457180023,-0.060422949492931366,-0.012842263095080853,0.19306717813014984,0.4227295219898224,0.2730501890182495,0.1176646500825882,0.10781402885913849,0.2924196720123291,,13442.365988731384,14.631981698004815,1.6963995453533143,1.0994863603805174,10.300969236876496,26.82587883355434,4.918322437444259
ARG,Argentina,Argentine Peso,1951-01-01,52677.96484375,51339.16796875,17.45757808235338,6.713252067565918,2037.8667525967949,1.8307689428329468,44728.54296875,51221.7578125,51548.02734375,51700.11328125,65330.94140625,,,,208305.203125,149824.75,171590.546875,395939.875,,,,0.4410236179828644,0.35629257559776306,0.028061501681804657,1.1554725045992255e-12,0.2196223884820938,0.238291397690773,0.23759044706821442,,,,,,,,0.7872916460037231,0.12559384107589722,0.07786203920841217,0.10049740970134735,-0.07477643340826035,-0.016468564048409462,0.2138618528842926,0.3668930232524872,0.27786919474601746,0.14225883781909943,0.11875488609075546,0.2648301422595978,,13680.713190294277,15.22619473323812,1.713434685035667,1.1086986190959085,10.342676112513901,28.941464490381822,5.2165728245617125
ARG,Argentina,Argentine Peso,1952-01-01,47677.20703125,46855.1015625,17.815966516535624,6.8193206787109375,2041.7408561157356,1.8451471328735352,42317.234375,47927.17578125,46790.66015625,47280.328125,69985.5625,,,,195898.25,141676.171875,159190.921875,422138.8125,,,,0.4410236179828644,0.3097812235355377,0.028584789484739304,1.3880573027431465e-12,0.23586584627628326,0.2511577010154724,0.24855650961399078,,,,,,,,0.8111963868141174,0.11865279823541641,0.08383196592330933,0.0778467133641243,-0.05837961658835411,-0.03314823657274246,0.22960521280765533,0.3665080964565277,0.2964465618133545,0.12629686295986176,0.13069407641887665,0.26822492480278015,,13923.285640679009,14.069829137718276,1.6205012668039835,1.007942245676177,10.265590811096478,30.31890772007556,5.997065512014167
ARG,Argentina,Argentine Peso,1953-01-01,49529.671875,49917.1484375,18.168618211453612,6.927064895629883,2045.622324531354,1.8596382141113281,42263.65625,48224.31640625,48639.13671875,50378.66796875,74549.84375,,,,204164.875,141119.515625,160590.78125,450224.40625,,,,0.4410236179828644,0.30692005157470703,0.028767641633749008,1.4978265089751042e-12,0.23864898085594177,0.2549079954624176,0.24610623717308044,,,,,,,,0.7618229389190674,0.1183171272277832,0.07709670811891556,0.10670914500951767,-0.04178465157747269,-0.02216130495071411,0.2308601438999176,0.37019142508506775,0.31561362743377686,0.11086346209049225,0.10236238688230515,0.26730552315711975,,14170.158593977942,14.40808680057867,1.630207264383171,1.0098253041195977,10.29124696968323,31.77271469927917,6.223924328354201
ARG,Argentina,Argentine Peso,1954-01-01,51835.375,52254.76953125,18.517167890688278,7.036511421203613,2049.511171844748,1.8742430210113525,45478.015625,51166.21875,50798.34765625,52633.07421875,78962.3203125,0.00599896302446723,0.7115345597267151,0.6913201212882996,210812.5625,151859.765625,169543.125,475599.78125,0.1282079666852951,1.1334630250930786,0.9065390825271606,0.4410236179828644,0.2942667603492737,0.028811706230044365,1.6031079743044533e-12,0.23844154179096222,0.2543598711490631,0.24549318850040436,,,,,,,,0.7869102358818054,0.10807281732559204,0.07714751362800598,0.10859370231628418,-0.0515248067677021,-0.029199497774243355,0.22968411445617676,0.3816291391849518,0.3277679681777954,0.09400691837072372,0.09351036697626114,0.2737495005130768,8.502228736877441,14421.40876856997,14.618028369006852,1.633496722049229,1.0052918662718526,10.307612177685762,32.97873244440048,6.438954358716868
ARG,Argentina,Argentine Peso,1955-01-01,56628.43359375,56072.5,18.863244575296434,7.147687911987305,2053.407412083632,1.8889626264572144,49945.2734375,56265.328125,55253.87890625,56270.61328125,83983.25,0.006190101150423288,0.7081015110015869,0.7074771523475647,225537.46875,166968.0,187097.0625,505330.3125,0.13646571338176727,1.1580088138580322,0.9553347826004028,0.4410236179828644,0.31330400705337524,0.028981070965528488,1.7525133824340647e-12,0.23959511518478394,0.2545100152492523,0.2499113529920578,,,,,,,,0.8115220665931702,0.11231537908315659,0.07606866210699081,0.09155604243278503,-0.05737847089767456,-0.03408369421958923,0.2312917411327362,0.3723776042461395,0.32817772030830383,0.10950952768325806,0.10601741820573807,0.2648637890815735,8.004036903381348,14677.115337735311,15.366607372099631,1.6705199630936707,1.0344921595994465,10.359452647200577,34.42981136768615,6.477941793961467
ARG,Argentina,Argentine Peso,1956-01-01,58044.66796875,57550.31640625,19.205762884853996,7.24411153793335,2057.3110593023894,1.9017683267593384,49262.15234375,55278.18359375,56272.42578125,57369.76171875,88195.984375,0.006278236396610737,0.6940359473228455,0.6711899638175964,231485.484375,166716.21875,184879.625,530530.9375,0.1434173882007599,1.1448030471801758,0.9092673063278198,0.4410236179828644,0.29052090644836426,0.0292770117521286,2.1752609234750577e-12,0.2491566240787506,0.26522234082221985,0.2601492702960968,,,,,,,,0.7755548357963562,0.10486413538455963,0.08312316983938217,0.1019323319196701,-0.04956218600273132,-0.01591225154697895,0.24417178332805634,0.39677608013153076,0.29566606879234314,0.1928827166557312,0.2204304039478302,0.2856006324291229,8.230306625366211,14903.39078181032,15.532403851177913,1.6712415574657191,1.0284574058300573,10.372083510871,35.59800217729755,6.692904666147937
ARG,Argentina,Argentine Peso,1957-01-01,60744.98828125,60560.3671875,19.54363363725413,7.341836452484131,2061.2221275821203,1.9146610498428345,51916.8828125,58590.234375,58766.5234375,60171.92578125,91419.375,0.006375728640705347,0.6985058784484863,0.6847957372665405,240381.421875,176055.5,196569.40625,559220.0,0.15130022168159485,1.1425997018814087,0.9291902780532837,0.4410236179828644,0.2864477336406708,0.029523568227887154,2.5170130028174342e-12,0.252525269985199,0.27251899242401123,0.26615390181541443,,,,,,,,0.7860543727874756,0.11090471595525742,0.07675465196371078,0.10144736617803574,-0.052627380937337875,-0.02253371849656105,0.24935296177864075,0.42806464433670044,0.2850133180618286,0.1834743469953537,0.22454316914081573,0.2935759127140045,8.20259952545166,15133.155752949306,15.88442131960163,1.682442375576361,1.0329017660807573,10.396393189384582,36.95329706039756,6.870332460567476
ARG,Argentina,Argentine Peso,1958-01-01,65418.0390625,65162.11328125,19.878487754395024,7.4408793449401855,2065.1406310306943,1.9276410341262817,55656.56640625,62957.2890625,63249.69921875,64713.64453125,96986.046875,0.0064835259690880775,0.7287083864212036,0.7071598768234253,256257.3125,188899.90625,211309.796875,591008.125,0.15996748208999634,1.1692899465560913,0.95887291431427,0.4410236179828644,0.28635892271995544,0.029699210077524185,3.2757059976737925e-12,0.255636066198349,0.27598994970321655,0.2697465419769287,,,,,,,,0.7859172821044922,0.11281584203243256,0.0741264745593071,0.09413453936576843,-0.04793249070644379,-0.019061623141169548,0.2473614364862442,0.4311564564704895,0.343366801738739,0.17370814085006714,0.20785601437091827,0.3032468557357788,8.595138549804688,15366.462265833034,16.67640267921538,1.7191019853005252,1.0628049920660139,10.446948312227809,38.46091018061409,6.8932344784759865
ARG,Argentina,Argentine Peso,1959-01-01,62026.234375,61388.015625,20.211958059016247,7.541258811950684,2069.066583782801,1.9407092332839966,51065.33203125,57793.66015625,59552.1953125,60581.765625,100411.3671875,0.0064873420633375645,0.6592937111854553,0.6275379657745361,243846.953125,175290.15625,195477.078125,616087.125,0.16677434742450714,1.076521635055542,0.8582162857055664,0.4410236179828644,0.2827705144882202,0.02976267971098423,6.517408898390445e-12,0.26589372754096985,0.28284427523612976,0.278037428855896,,,,,,,,0.762736976146698,0.1110619604587555,0.08017890900373459,0.10485386103391647,-0.044451143592596054,-0.014380515553057194,0.26363253593444824,0.41149213910102844,0.287404328584671,0.22445045411586761,0.254794716835022,0.28246068954467773,7.512356758117676,15603.366607464744,15.627842327843668,1.6462835807377685,0.9832300903051323,10.38390694691408,39.48424340073252,7.611179173074816
ARG,Argentina,Argentine Peso,1960-01-01,66827.484375,65991.28125,20.545673572174604,7.64299201965332,2073.0,1.9538657665252686,53228.515625,62912.8984375,64586.85546875,65001.01953125,107962.9609375,0.006694825831800699,0.6704950332641602,0.6494800448417664,270342.0,180846.5625,215536.15625,664212.9375,0.18063358962535858,1.130355954170227,0.8962255716323853,0.4410236179828644,0.3097284436225891,0.030304959043860435,7.608072766147563e-12,0.27416709065437317,0.2931283414363861,0.29126062989234924,,,,,,,,0.736265242099762,0.14898815751075745,0.08262213319540024,0.096587635576725,-0.05809302255511284,-0.006370166782289743,0.2711271643638611,0.3973454535007477,0.3012566864490509,0.22295419871807098,0.20880953967571259,0.2716752588748932,8.028796195983887,15843.922456741333,17.06282019103002,1.7161567980946941,1.0463469435967465,10.473653950979536,41.922253741994815,7.535762364488329
ARG,Argentina,Argentine Peso,1961-01-01,70027.46875,68127.4140625,20.87910585996836,7.739992141723633,2066.2005116511955,1.9649277925491333,56823.0859375,67002.3515625,67937.0625,67339.90625,116128.46875,0.006990551948547363,0.6608688831329346,0.658686101436615,279138.9375,190676.21875,229303.015625,714515.5625,0.19612523913383484,1.1073362827301025,0.9046161770820618,0.4410236179828644,0.24224598705768585,0.03138230741024017,9.0970936070662e-12,0.2580620050430298,0.2909035384654999,0.293483167886734,,,,,,,,0.7625508308410645,0.15116249024868011,0.08127404004335403,0.08061840385198593,-0.06349630653858185,-0.01210938859730959,0.2592164874076843,0.4742327928543091,0.24722984433174133,0.21563668549060822,0.15422169864177704,0.32474929094314575,7.677407741546631,15992.375723405603,17.45450096519849,1.719749744342454,1.0442942464907439,10.493064248401716,44.678512739934725,8.002411568957637
ARG,Argentina,Argentine Peso,1962-01-01,66726.8125,69384.203125,21.211169541973426,7.838223457336426,2059.42332578276,1.9760525226593018,57620.359375,66685.78125,64804.49609375,68889.1015625,122319.6875,0.0070665557868778706,0.6433892250061035,0.6238184571266174,280924.875,192324.5625,226313.484375,752595.375,0.20777170360088348,1.0719578266143799,0.8588027358055115,0.4410236179828644,0.2748853862285614,0.03222513198852539,1.1508432748236798e-11,0.2933444380760193,0.3106882870197296,0.2922667860984802,,,,,,,,0.757070004940033,0.1315944343805313,0.07935196906328201,0.110769122838974,-0.05557367205619812,-0.023211857303977013,0.28307661414146423,0.4209267497062683,0.3913062512874603,0.12126810848712921,0.2723098397254944,0.2811710238456726,7.113605976104736,16142.220220736226,17.4031125308974,1.7040222155337204,1.0229210362681254,10.486830354962226,46.62279195232507,8.48302666119789
ARG,Argentina,Argentine Peso,1963-01-01,66221.0859375,66981.1875,21.542655368201046,7.937701225280762,2052.6683692420384,1.9872403144836426,55590.203125,63115.37109375,64030.20703125,66452.4375,126199.75,0.006955521646887064,0.600975751876831,0.57326340675354,270609.3125,186854.65625,213656.390625,774720.5625,0.21378174424171448,1.0095785856246948,0.7926998734474182,0.4410236179828644,0.255952924489975,0.032464925199747086,1.4099804572472538e-11,0.29177090525627136,0.3063306212425232,0.29516467452049255,,,,,,,,0.7535930871963501,0.11324142664670944,0.08294812589883804,0.10536124557256699,-0.05011049285531044,-0.005033367779105902,0.28902190923690796,0.4138866662979126,0.3167456388473511,0.19220682978630066,0.2903240919113159,0.28313618898391724,6.62269926071167,16293.468229627591,16.608453687467932,1.6513903956882732,0.9646434960579027,10.436807693277318,47.54792236874833,9.118886467196
ARG,Argentina,Argentine Peso,1964-01-01,70699.4609375,70325.3125,21.87435979118658,8.03844165802002,2045.9355691163166,1.9984914064407349,59296.4375,69007.6953125,68091.3359375,69475.609375,132449.8125,0.006888456176966429,0.6003819108009338,0.6012121438980103,291641.65625,200420.109375,236505.546875,812756.625,0.2250879406929016,1.0501916408538818,0.8469462394714355,0.4410236179828644,0.2560412585735321,0.0325685478746891,1.7768545481635444e-11,0.2973746061325073,0.315216064453125,0.3089355528354645,,,,,,,,0.7734630107879639,0.13977935910224915,0.08002263307571411,0.09492584317922592,-0.06249876692891121,-0.025692138820886612,0.3023589849472046,0.42415520548820496,0.24919775128364563,0.16849404573440552,0.19544057548046112,0.2954338490962982,6.777566432952881,16446.133708409496,17.733143936490873,1.7053330392017452,1.0129404400463853,10.499045882219603,49.41931273393506,8.980075183655021
ARG,Argentina,Argentine Peso,1965-01-01,81516.109375,79025.890625,22.207077362624023,8.140460014343262,2039.224852732037,2.0098061561584473,67106.796875,77148.015625,78441.234375,77955.8984375,138598.125,0.0068937609903514385,0.6461681127548218,0.641532301902771,318469.59375,227006.828125,263344.59375,851048.25,0.23640583455562592,1.1084339618682861,0.9115106463432312,0.4410236179828644,0.23922258615493774,0.03282717615365982,2.1526604306095436e-11,0.27883994579315186,0.30424681305885315,0.3061410188674927,,,,,,,,0.7880872488021851,0.12880639731884003,0.0727429986000061,0.07673855870962143,-0.07296546548604965,0.006590251345187426,0.27665624022483826,0.4740442931652069,0.30249789357185364,0.19714407622814178,0.16581661999225616,0.33233195543289185,6.852434158325195,16600.228373920174,19.18465135397368,1.7729948390183938,1.074956561320184,10.574435591167878,51.2672615599097,8.70639256314787
ARG,Argentina,Argentine Peso,1966-01-01,81065.375,80755.5078125,22.534461173168314,8.240280151367188,2032.536147654013,2.0227134227752686,66314.6953125,75960.53125,77970.3671875,79723.921875,144098.46875,0.006789532955735922,0.6334580779075623,0.6035029888153076,319221.28125,224418.796875,259033.46875,883975.75,0.24579913914203644,1.0798001289367676,0.8713706731796265,0.4410236179828644,0.24212157726287842,0.03294624760746956,2.639183139065644e-11,0.29439258575439453,0.3154236674308777,0.30848580598831177,,,,,,,,0.7590181231498718,0.12099049985408783,0.07278607785701752,0.08615585416555405,-0.04962781071662903,0.010677228681743145,0.28409045934677124,0.46001115441322327,0.4018239378929138,0.18368932604789734,0.22503229975700378,0.32758012413978577,6.603999137878418,16748.66727444969,19.059503423115714,1.7577325623148305,1.0532926736916766,10.564605470622356,52.778871029847046,9.100946129734735
ARG,Argentina,Argentine Peso,1967-01-01,84686.625,83494.2578125,22.85598088807635,8.341324806213379,2025.869381684646,2.035703420639038,68894.078125,78793.7578125,81752.4765625,82712.75,149583.0625,0.006723745260387659,0.6419336795806885,0.6103314757347107,328118.75,231526.625,267555.0,918022.8125,0.2552824318408966,1.079348087310791,0.8752639293670654,0.4410236179828644,0.23209863901138306,0.0329187773168087,3.32999714579017e-11,0.29374393820762634,0.31820401549339294,0.31450971961021423,,,,,,,,0.7618626356124878,0.11968743801116943,0.07106912136077881,0.07941484451293945,-0.054040875285863876,0.02200682833790779,0.2859508693218231,0.48842695355415344,0.3772861063480377,0.22295783460140228,0.2450929433107376,0.34646233916282654,6.801015377044678,16898.434527594298,19.417109286910485,1.7676542230919363,1.0568128026767794,10.579908811106314,54.325908769887214,9.275226524319546
ARG,Argentina,Argentine Peso,1968-01-01,87104.5234375,85935.9453125,23.181155920945006,8.44360637664795,2019.2244828631483,2.048776865005493,71888.828125,82625.3515625,84158.703125,85226.7890625,155984.0,0.006688303779810667,0.6348560452461243,0.6116394400596619,345067.46875,241573.109375,281448.40625,957268.625,0.2661854326725006,1.1014137268066406,0.8933892250061035,0.4410236179828644,0.2353093922138214,0.03284328058362007,3.4999967698253795e-11,0.3134424388408661,0.3385154902935028,0.3342731297016144,,,,,,,,0.7656780481338501,0.12597589194774628,0.07782231271266937,0.06970877945423126,-0.05043087154626846,0.011245807632803917,0.307576984167099,0.5063979029655457,0.371151328086853,0.2302389293909073,0.27202513813972473,0.3605317771434784,6.923249244689941,17049.536719386935,20.239111151778435,1.799228623388453,1.0819856595221389,10.618085725333648,56.14631299110287,9.288084964081387
ARG,Argentina,Argentine Peso,1969-01-01,94738.7265625,94348.5625,23.519509487053927,8.547143936157227,2012.6013794647647,2.061934232711792,76539.3515625,89836.0625,91175.359375,93200.625,165282.265625,0.006797920446842909,0.6718012094497681,0.6435123682022095,376695.96875,258340.9375,309672.1875,1013607.125,0.2824611961841583,1.155310869216919,0.944507896900177,0.4410236179828644,0.24821622669696808,0.03286929801106453,3.4999967698253795e-11,0.3426972031593323,0.3711157739162445,0.36305132508277893,,,,,,,,0.7488725781440735,0.14266757667064667,0.072359599173069,0.07668669521808624,-0.05405251309275627,0.013466035015881062,0.33550283312797546,0.5347004532814026,0.417153924703598,0.2255527675151825,0.3117857873439789,0.3870699405670166,7.678813457489014,17201.993676393933,21.898390142238853,1.8635395136751112,1.139895023491134,10.69359650754696,58.92381685914462,9.140415611836772
ARG,Argentina,Argentine Peso,1970-01-01,96633.6875,97105.6875,23.880561,8.651949882507324,2006.0,2.075176239013672,77327.25,91160.2890625,92712.234375,95676.9765625,175525.125,0.006906009279191494,0.6729400753974915,0.6393613815307617,388737.78125,262653.84375,315217.4375,1069101.375,0.29821422696113586,1.1488375663757324,0.9264192581176758,0.4410236179828644,0.22782300412654877,0.03293665125966072,3.7916666656666665e-11,0.3372758626937866,0.3665592670440674,0.35520070791244507,,,,,,,,0.7372903227806091,0.1445806324481964,0.07092137634754181,0.09377992898225784,-0.060822077095508575,0.014249776490032673,0.328305184841156,0.5302546620368958,0.4305339455604553,0.19762101769447327,0.2901674211025238,0.3955078721046448,7.301300048828125,17355.811464309692,22.398133446505586,1.8727837271708512,1.142737642630497,10.71287559562988,61.59904290263171,9.467478462968895
ARG,Argentina,Argentine Peso,1971-01-01,101079.7578125,100012.8203125,24.259560999999998,8.734713554382324,2002.661112336839,2.096463441848755,80224.96875,95737.125,96671.0546875,98180.765625,186537.15625,0.007093934807926416,0.6597259640693665,0.6394386887550354,403358.84375,274131.25,333441.21875,1129901.5,0.3157525956630707,1.1454107761383057,0.9416391253471375,0.4410236179828644,0.2303144484758377,0.032971277832984924,4.521666665666667e-11,0.38860586285591125,0.4205628037452698,0.41409581899642944,,,,,,,,0.7440200448036194,0.15799586474895477,0.07309489697217941,0.07398927956819534,-0.06134827807545662,0.012248237617313862,0.3787941634654999,0.5858359336853027,0.48847758769989014,0.23957404494285583,0.30640336871147156,0.4410906732082367,7.589862823486328,17492.67116276297,23.058733568869616,1.8876134732008336,1.1473616234304858,10.740276725681651,64.59285088518934,9.781474739626505
ARG,Argentina,Argentine Peso,1972-01-01,103489.2890625,101742.6953125,24.653174999999997,8.818268775939941,1999.3277820868523,2.117969036102295,81055.5234375,96822.171875,98548.6328125,99528.625,196171.421875,0.007221584673970938,0.6381126046180725,0.6154286861419678,411739.4375,278523.21875,338385.5625,1188674.625,0.3328869640827179,1.126171588897705,0.920427143573761,0.4410236179828644,0.22012412548065186,0.033059943467378616,7.93109490304364e-11,0.36080068349838257,0.38874685764312744,0.3849191665649414,,,,,,,,0.7425783276557922,0.15841321647167206,0.07181578129529953,0.046688515692949295,-0.03640906140208244,0.01691318489611149,0.354769229888916,0.5324167013168335,0.42316633462905884,0.2633451819419861,0.3312928378582001,0.4055761694908142,6.4298248291015625,17630.609753645746,23.353669739916878,1.8874668471879752,1.1370092195196408,10.751320428163512,67.42107287322833,10.21125737350301
ARG,Argentina,Argentine Peso,1973-01-01,109352.65625,107506.15625,25.056478,8.902623176574707,1996.0,2.139695167541504,84011.1015625,99131.7265625,103579.890625,104678.3984375,204491.28125,0.0072336941957473755,0.6458345055580139,0.6112667322158813,427155.53125,291060.21875,346726.8125,1236490.5,0.34667155146598816,1.1330759525299072,0.9146519899368286,0.4410236179828644,0.2193344384431839,0.033134423196315765,1.2079492192787767e-10,0.39091500639915466,0.41649624705314636,0.41212552785873413,,,,,,,,0.7298571467399597,0.144448384642601,0.07270672172307968,0.05046869069337845,-0.030535882338881493,0.033054936677217484,0.37497323751449585,0.5586273670196533,0.5509443283081055,0.255892813205719,0.28946009278297424,0.4378332197666168,6.508680820465088,17769.635860443115,24.038507857152464,1.9068946624262686,1.1462312886128352,10.778557495442016,69.5844591139059,10.336141028942468
ARG,Argentina,Argentine Peso,1974-01-01,114436.4140625,112594.109375,25.462301999999998,9.226568222045898,1992.842194737323,2.161644220352173,89951.5234375,105784.65625,108946.5703125,110070.2734375,213876.828125,0.007231071125715971,0.6960206031799316,0.6688147783279419,450247.1875,311758.46875,367005.75,1285947.5,0.3605820834636688,1.1457139253616333,0.9287387132644653,0.4410236179828644,0.19866017997264862,0.03310108184814453,1.4719412290288418e-10,0.41615185141563416,0.4454944133758545,0.44094640016555786,,,,,,,,0.7423251867294312,0.14384569227695465,0.07489386200904846,0.05055183917284012,-0.038567934185266495,0.026951376348733902,0.3911655843257904,0.6121960282325745,0.6638081669807434,0.23996174335479736,0.29084253311157227,0.5111580491065979,6.762657165527344,18387.09446551559,24.48713081582434,1.9238670920473293,1.152997946801018,10.795464844040499,69.93750439536565,10.213751074027794
ARG,Argentina,Argentine Peso,1975-01-01,113183.21875,111144.59375,25.865776,9.28589916229248,1989.6893853334022,2.1838183403015137,89398.328125,105997.9921875,107702.21875,108460.765625,222502.5625,0.007405059412121773,0.6742655634880066,0.6650203466415405,447577.0,311693.84375,368523.9375,1333749.375,0.37329626083374023,1.109689474105835,0.9086463451385498,0.4410236179828644,0.1287340372800827,0.032892074435949326,4.0655879684133237e-10,0.41330718994140625,0.4796595871448517,0.47630494832992554,,,,,,,,0.7474735379219055,0.1530476212501526,0.07677226513624191,0.09982098639011383,-0.11007419973611832,0.03295976296067238,0.38618820905685425,0.837003767490387,0.6773440837860107,0.24606110155582428,0.2972918748855591,0.7385996580123901,6.1811065673828125,18476.05499648968,24.224705982150216,1.9035908913023707,1.1225160143967754,10.783106838506848,72.18799550301202,10.758357275348477
ARG,Argentina,Argentine Peso,1976-01-01,111815.6796875,111303.875,26.264681,9.292825698852539,1986.5415638844554,2.196906328201294,82677.1875,100165.109375,106125.5859375,108488.6484375,229548.109375,0.0074968356639146805,0.6497817635536194,0.5986909866333008,447527.03125,289894.875,356489.34375,1390285.5,0.3886473476886749,1.0823948383331299,0.8574493527412415,0.4410236179828644,0.13435260951519012,0.032590918242931366,2.0370850848294874e-09,0.44209063053131104,0.5154041647911072,0.5041778087615967,,,,,,,,0.682053804397583,0.16119584441184998,0.08002764731645584,0.0799475610256195,-0.04829007387161255,0.04506519064307213,0.43386420607566833,0.8620065450668335,0.512202262878418,0.3099328875541687,0.3972328305244446,0.7153589129447937,5.752909183502197,18460.58449670418,24.242300200727566,1.891611096688203,1.1045609404253152,10.782249547677786,75.3110228036502,11.359057151018218
ARG,Argentina,Argentine Peso,1977-01-01,116233.625,118831.1796875,26.661398,9.544593811035156,1983.3987224992045,2.2100729942321777,84805.78125,105690.875,110429.0859375,115876.15625,242399.953125,0.007695939391851425,0.6599680781364441,0.5953212380409241,476099.0625,296217.25,382543.625,1467309.25,0.41220927238464355,1.0990407466888428,0.8781989812850952,0.4410236179828644,0.15515325963497162,0.03261735662817955,4.98617308060974e-09,0.4948800802230835,0.5583218336105347,0.5320764183998108,,,,,,,,0.6535494327545166,0.1802363395690918,0.07831624150276184,0.13657021522521973,-0.07191141694784164,0.023239189758896828,0.4904284179210663,0.8159329295158386,0.5320290923118591,0.2914467751979828,0.40797483921051025,0.6760562062263489,5.684600830078125,18930.735171580942,25.149528435362928,1.9197195184349611,1.1266939743864135,10.817406324940409,77.50936435911602,11.366600120072386
ARG,Argentina,Argentine Peso,1978-01-01,112721.625,117131.96875,27.061047,9.63172721862793,1980.2608532988565,2.223318338394165,83519.484375,101008.6953125,106909.109375,113830.640625,251840.140625,0.00761908944696188,0.6338409185409546,0.5567563772201538,460762.96875,292368.1875,361398.0625,1522499.5,0.42717444896698,1.036466121673584,0.808460533618927,0.4410236179828644,0.13901902735233307,0.0326230525970459,1.2057409119778062e-08,0.5358125567436218,0.5963136553764343,0.5600544810295105,,,,,,,,0.6521140336990356,0.1536424160003662,0.0816030502319336,0.14701563119888306,-0.06304460763931274,0.02866945043206215,0.5197698473930359,0.8852355480194092,0.6640146374702454,0.252164751291275,0.35242825746536255,0.7360653281211853,5.265793800354004,19073.332360701967,24.15744454279736,1.8706473382719615,1.0716465113857325,10.77557645433855,79.82346614673926,12.294723479671612
ARG,Argentina,Argentine Peso,1979-01-01,123069.515625,124635.40625,27.471035999999998,9.799654960632324,1977.127948417083,2.236643075942993,95338.90625,114608.5546875,116784.6640625,121296.609375,264545.25,0.007704155519604683,0.6572784185409546,0.6183256506919861,493095.28125,332732.46875,408091.78125,1583735.75,0.44531726837158203,1.073393702507019,0.883449137210846,0.4410236179828644,0.15143409371376038,0.03249908611178398,2.8315798413953848e-08,0.5826795101165771,0.6329283714294434,0.6093850135803223,,,,,,,,0.7061920762062073,0.15886390209197998,0.07980603724718094,0.1352330595254898,-0.09171050786972046,0.011615438386797905,0.5660701394081116,0.8815407752990723,0.7296536564826965,0.22138085961341858,0.27980750799179077,0.7679761648178101,5.408966064453125,19375.17170751028,25.449853487433327,1.9156451971692892,1.1106690821778398,10.826110525648538,81.74047558949407,12.036023355908684
ARG,Argentina,Argentine Peso,1980-01-01,130205.015625,125315.265625,27.896528,9.828572273254395,1974.0,2.2500476837158203,103684.328125,124873.546875,124514.4609375,122182.0703125,277379.25,0.007653829641640186,0.6509801149368286,0.6698194146156311,500260.78125,358104.3125,440656.25,1648042.5,0.4653550386428833,1.0590935945510864,0.9277549982070923,0.4410236179828644,0.15192392468452454,0.03262512385845184,5.089013057944164e-08,0.608356773853302,0.6566657423973083,0.669201135635376,,,,,,0.5509004252846491,,0.7678291201591492,0.17342332005500793,0.08077596873044968,0.12086273729801178,-0.15113627910614014,0.008245092816650867,0.5768439173698425,0.8930540680885315,0.9079075455665588,0.19604124128818512,0.20605000853538513,0.8152234554290771,5.563361167907715,19401.601667404175,25.784509435139437,1.9171775392783972,1.106226130524045,10.83759112211232,84.94363136878579,12.488526425794863
ARG,Argentina,Argentine Peso,1981-01-01,129140.6953125,126380.7265625,28.338514999999997,9.851314544677734,1961.2300566642687,2.2831640243530273,104105.7734375,123043.5546875,123623.515625,123073.5859375,288231.96875,0.007770658936351538,0.637012779712677,0.6387921571731567,473161.90625,345719.03125,413696.375,1690979.5,0.4764370024204254,0.984093189239502,0.8556647896766663,0.4410236179828644,0.1373175084590912,0.032590582966804504,9.568491190733998e-08,0.6403748989105225,0.6847633123397827,0.6878229975700378,,,,,,,,0.7637173533439636,0.15387362241744995,0.08216499537229538,0.12709613144397736,-0.13311415910720825,0.006262009032070637,0.6089782118797302,0.9287773370742798,0.9322049021720886,0.26889532804489136,0.2648545205593109,0.8820024132728577,4.921849250793457,19320.69418267585,24.489901955710618,1.8566949274437485,1.0311327165053477,10.779588002823656,87.52167411853343,13.669834439834359
ARG,Argentina,Argentine Peso,1982-01-01,129296.8203125,132655.0625,28.794548,10.007144927978516,1948.5427229804106,2.316767930984497,103720.6171875,119859.59375,124120.828125,129375.3046875,300059.46875,0.007919618859887123,0.660266101360321,0.6098670363426208,458204.09375,330485.75,381166.28125,1712746.0,0.4789413511753082,0.9402672648429871,0.7778615355491638,0.4410236179828644,0.10800021886825562,0.032097961753606796,2.72065727375639e-07,0.6431876420974731,0.7012640237808228,0.6727827191352844,,,,,,,,0.7234376668930054,0.12474542111158371,0.0782657191157341,0.1545359045267105,-0.09028881788253784,0.00930409599095583,0.6124729514122009,1.0745041370391846,0.9270946383476257,0.36329638957977295,0.43531912565231323,1.057546615600586,4.793875694274902,19499.349427222864,23.49842980455058,1.8142919699456868,0.9741188887760733,10.73177065271547,87.83605865377493,14.31317064060885
ARG,Argentina,Argentine Peso,1983-01-01,141275.328125,143819.578125,29.262047,10.316276550292969,1935.9374645408404,2.3508665561676025,113219.234375,130154.015625,135743.15625,140820.125,315382.40625,0.008236225694417953,0.6752154231071472,0.6145778298377991,477047.0625,345168.6875,394907.5,1735655.625,0.4827014207839966,0.9582361578941345,0.7888641357421875,0.4410236179828644,0.11364433914422989,0.03143898397684097,1.2601208840241402e-06,0.6384316682815552,0.6937390565872192,0.6687277555465698,,,,,,,,0.7260904312133789,0.12025823444128036,0.07790855318307877,0.1217188835144043,-0.057584404945373535,0.01160833053290844,0.6083510518074036,1.063502311706543,0.91877681016922,0.3820229172706604,0.46414920687675476,1.0557931661605835,4.439486026763916,19971.666268276298,23.886192373330335,1.8338527909266216,0.97906878343577,10.741647532966125,86.90589967232613,13.887277446749545
ARG,Argentina,Argentine Peso,1984-01-01,150891.609375,153307.53125,29.737092999999998,10.556924819946289,1923.4137503950928,2.3854668140411377,122316.03125,139401.5625,144504.6875,149841.140625,336801.46875,0.008460257202386856,0.67042076587677,0.605379045009613,486614.21875,358864.3125,404145.15625,1755388.0,0.4867602288722992,0.9596025943756104,0.7925733923912048,0.4410236179828644,0.11330624669790268,0.030939951539039612,8.612225551920807e-06,0.6361852884292603,0.6887282133102417,0.6641998291015625,,,,,,,,0.7335120439529419,0.11402434855699539,0.0827927216887474,0.12430916726589203,-0.06214946135878563,0.007511161267757416,0.6085526943206787,1.064885139465332,0.8809993267059326,0.341896116733551,0.38671064376831055,1.0550227165222168,4.091469764709473,20305.33436057193,23.964846385139445,1.8387195527715052,0.9693247184259434,10.738444903881236,86.44959835818024,13.747294119031416
ARG,Argentina,Argentine Peso,1985-01-01,144763.0,149748.6875,30.216279,10.633323669433594,1910.9710530274576,2.420576333999634,114996.3671875,130661.2109375,138947.890625,146998.0625,363683.5,0.00880026537925005,0.6228618621826172,0.5354024171829224,452764.90625,323896.4375,361542.71875,1764064.25,0.4874177575111389,0.8861661553382874,0.7037160992622375,0.4410236179828644,0.11007918417453766,0.030510442331433296,6.01809e-05,0.6473798155784607,0.6875233054161072,0.649871826171875,,,,,,,,0.6842277646064758,0.1065649688243866,0.09807075560092926,0.16696697473526,-0.06750684976577759,0.011676416732370853,0.6301026344299316,0.9822180867195129,0.7679206132888794,0.3420814275741577,0.3843594491481781,0.9674111008644104,3.516378164291382,20319.973729759306,22.28176631876793,1.7646372914609252,0.8806316251013192,10.65913548671111,86.81429776734734,14.866852012108325
ARG,Argentina,Argentine Peso,1986-01-01,164806.421875,166668.46875,30.698964,10.947461128234863,1898.6088483347608,2.4418883323669434,136340.5625,154785.953125,158398.109375,161987.15625,400195.21875,0.009339605458080769,0.6369045972824097,0.5884677767753601,485108.6875,362563.53125,404150.15625,1781084.125,0.4901619255542755,0.9334824681282043,0.7734020948410034,0.4410236179828644,0.12682755291461945,0.030010929331183434,9.430316666666667e-05,0.6877824664115906,0.724344789981842,0.7082959413528442,,,,,,,,0.7541661262512207,0.11386943608522415,0.08750900626182556,0.10982807725667953,-0.06962329149246216,0.00425065029412508,0.6617123484611511,0.9945975542068481,0.9124590158462524,0.38515591621398926,0.4188169538974762,0.9541530609130859,3.822542905807495,20784.946564867554,23.33942432741064,1.8149194074119168,0.9221477607104228,10.699020673808022,85.6910610494682,13.954877763429016
ARG,Argentina,Argentine Peso,1987-01-01,177125.890625,177435.28125,31.184414999999998,11.175552368164062,1886.326615604288,2.463388204574585,146228.578125,168558.984375,170130.078125,171734.171875,450024.75,0.00997447595000267,0.6309917569160461,0.6009441018104553,497395.5,369889.96875,419589.53125,1808361.75,0.4964507818222046,0.9407810568809509,0.7892358899116516,0.4410236179828644,0.12686429917812347,0.0295347198843956,0.00021442983333333333,0.6545599102973938,0.6931127905845642,0.6866388320922852,,,,,,,,0.7616657018661499,0.1300288736820221,0.08981645852327347,0.08684319257736206,-0.07298966497182846,0.0046354616060853004,0.6314060688018799,0.9455727934837341,0.8509100079536438,0.4264569580554962,0.4641321897506714,0.8787689208984375,3.5441956520080566,21080.741876147404,23.594781574684372,1.8254805616192478,0.9239428403759101,10.703412195069337,85.78264278479396,13.823031162354926
ARG,Argentina,Argentine Peso,1988-01-01,185694.28125,188858.359375,31.668948999999998,11.396119117736816,1874.123837491852,2.485077142715454,148510.0,171697.5,178657.203125,183153.265625,514488.90625,0.010894468054175377,0.6193116307258606,0.568254292011261,487682.625,355228.3125,403276.03125,1832470.25,0.5018044114112854,0.9081149697303772,0.7467950582504272,0.4410236179828644,0.127717062830925,0.029129857197403908,0.0008752604166666667,0.7318281531333923,0.7696979641914368,0.7508033514022827,,,,,,,,0.7243516445159912,0.12660162150859833,0.08649934828281403,0.11074785888195038,-0.059425801038742065,0.011225350201129913,0.7102415561676025,1.0122443437576294,0.9125961065292358,0.450347900390625,0.48893028497695923,0.8983159065246582,3.5519840717315674,21357.73849344718,22.834001134980983,1.7926488830803513,0.8823451806673348,10.664147245480939,85.79888973555063,14.287102156725933
ARG,Argentina,Argentine Peso,1989-01-01,182602.875,181887.0,32.148134,11.496272087097168,1862.0,2.5069570541381836,144786.3125,164168.890625,176131.296875,176769.03125,593162.75,0.012038513086736202,0.5579028725624084,0.5107389092445374,453493.375,326656.125,361241.65625,1838712.0,0.5021355748176575,0.8400448560714722,0.665464460849762,0.4410236179828644,0.11898470669984818,0.02875625714659691,0.04233396083333334,0.453125536441803,0.4714917838573456,0.4697907567024231,,,,,,,,0.7019028663635254,0.1096491813659668,0.11716767400503159,0.11692425608634949,-0.04895852133631706,0.0033145674970000982,0.451842725276947,0.6086860299110413,0.4608103334903717,0.4628005623817444,0.48536407947540283,0.5015121102333069,1.7609238624572754,21406.058626174927,21.185281369148303,1.7173626824701078,0.7982929938203417,10.58271312335428,85.89680296173988,15.421828296669313
ARG,Argentina,Argentine Peso,1990-01-01,196718.6875,204212.6875,32.618651,11.811478614807129,1850.0,2.529029607772827,163169.59375,180720.796875,192021.3125,199903.0,688641.75,0.013481494039297104,0.5761784315109253,0.5144842267036438,447422.84375,332186.53125,357974.59375,1835794.0,0.4995964765548706,0.8204628825187683,0.6528125405311584,0.4410236179828644,0.11111515015363693,0.028351619839668274,0.4875890833333334,0.7632319331169128,0.7977537512779236,0.7663002610206604,,,,,,,,0.7518317103385925,0.08779864013195038,0.06441214680671692,0.13142497837543488,-0.04029923677444458,0.004831745754927397,0.7140446305274963,1.1186950206756592,1.3373562097549438,0.4701356887817383,0.5060438513755798,0.8475522398948669,2.767967700958252,21851.23543739319,20.475860279476112,1.6899541741232718,0.7621184991995739,10.542187563020482,84.01328177803968,15.502801175950616
ARG,Argentina,Argentine Peso,1991-01-01,236273.546875,240402.0,33.079,12.190682411193848,1837.960826568401,2.552567958831787,200487.75,226367.234375,230428.0625,233580.890625,820000.5625,0.0156440157443285,0.609840452671051,0.5888810753822327,494384.53125,378736.28125,416180.90625,1850989.625,0.503279447555542,0.8892956972122192,0.7444902062416077,0.4410236179828644,0.14685119688510895,0.028010526672005653,0.9535544166666666,0.8699337244033813,0.8922069668769836,0.8801642060279846,,,,,,,,0.8007389307022095,0.1107945591211319,0.05758362635970116,0.0958886593580246,-0.06463329493999481,-0.0003725256538018584,0.8110222220420837,1.064756989479065,1.6891374588012695,0.5346489548683167,0.5481356382369995,0.7664106488227844,3.0991899967193604,22405.996720910713,22.064831009664868,1.7697408618339463,0.8326409667117892,10.610396973555082,82.61134945505628,14.075084982741194
ARG,Argentina,Argentine Peso,1992-01-01,284181.96875,283126.84375,33.529326,12.385934829711914,1826.0,2.5709738731384277,241315.03125,280507.46875,277157.09375,276399.125,1005502.375,0.01892576739192009,0.6264113783836365,0.6317803263664246,545328.4375,430211.84375,483840.5,1889457.875,0.5155446529388428,0.9607827067375183,0.8477440476417542,0.4410236179828644,0.17241394519805908,0.02803046442568302,0.9906416666666666,0.8826920390129089,0.894544780254364,0.89699786901474,,,,,,,,0.7998212575912476,0.14179657399654388,0.07324601709842682,0.09460645169019699,-0.10798467695713043,-0.0014856854686513543,0.842535674571991,0.967523992061615,1.3211853504180908,0.4678906202316284,0.4979974925518036,0.6587207317352295,2.9557690620422363,22616.716999053955,24.111741660949765,1.8550921561336937,0.9108073900414331,10.692581988853826,83.54253515570076,13.06927099465143
ARG,Argentina,Argentine Peso,1993-01-01,326765.25,325027.75,33.970110999999996,12.345012664794922,1850.3378069963333,2.58705997467041,271769.53125,324415.375,318624.90625,316009.75,1246331.5,0.023102929815649986,0.6371707916259766,0.6453102231025696,579420.625,454733.5625,519162.25,1940462.0,0.5321564078330994,0.9957846403121948,0.8872990608215332,0.4410236179828644,0.1690414547920227,0.02837325818836689,0.9989458333333334,0.7965002059936523,0.8052511215209961,0.8119149804115295,,,,,,,,0.759613037109375,0.16659565269947052,0.10039058327674866,0.08515497297048569,-0.10782704502344131,-0.0039272066205739975,0.7575659155845642,0.8504251837730408,1.0910996198654175,0.4874708950519562,0.4922437071800232,0.5579535365104675,2.346054792404175,22842.443661518595,25.365964937285497,1.9007900128112452,0.9502679267796679,10.756531812151879,84.94984287819386,12.695796897377932
ARG,Argentina,Argentine Peso,1994-01-01,381534.0,378639.9375,34.402671999999995,12.416181564331055,1875.0,2.6032464504241943,313372.21875,381858.375,370608.75,368028.5,1529539.875,0.02737170085310936,0.657434344291687,0.6725975871086121,613236.9375,478203.375,553414.0,2002753.0,0.5526843070983887,1.0203627347946167,0.9157393574714661,0.43184515833854675,0.18194490671157837,0.028896618634462357,0.9990083333333334,0.7555078864097595,0.7535358667373657,0.7588189244270325,,,,,,,,0.7374635338783264,0.18608927726745605,0.11402548849582672,0.08589226007461548,-0.1136784553527832,-0.0097920848056674,0.7368320822715759,0.744512677192688,0.8762941360473633,0.5010519027709961,0.5158376693725586,0.4706159830093384,2.0290143489837646,23280.340433120728,26.34140764658035,1.9347415062324718,0.9779822053226005,10.807506074695667,86.02765091659491,12.42769264816304
ARG,Argentina,Argentine Peso,1995-01-01,423577.25,424478.75,34.82817,11.83531379699707,1881.9611380085464,2.619534492492676,340965.5,411440.46875,411558.5625,412709.9375,1785510.25,0.03074149414896965,0.6924816966056824,0.6819812059402466,595788.8125,461052.5,524204.625,2044423.5,0.5654833316802979,0.9935498833656311,0.8693480491638184,0.39392945170402527,0.1803451031446457,0.029290858656167984,0.99975,0.6853441596031189,0.6796151399612427,0.6777191162109375,,,,,,,,0.6790322661399841,0.17076148092746735,0.14713026583194733,0.09481997042894363,-0.08902441710233688,-0.002719572279602289,0.7007973194122314,0.6518973708152771,0.6140251159667969,0.5356731414794922,0.54765784740448,0.43480777740478516,1.8383935689926147,22273.600622084858,26.748652928133218,1.9306434223286968,0.9676467949628128,10.826553784874642,91.78684374779085,13.314125652194125
ARG,Argentina,Argentine Peso,1996-01-01,548493.6875,548784.875,35.246373999999996,12.137214660644531,1888.948119986359,2.627023935317993,430066.0625,526521.375,530665.375,531039.1875,1927902.375,0.032253094017505646,0.8278177976608276,0.8104433417320251,628716.125,484128.125,553757.0,2093007.0,0.5807781219482422,1.0188851356506348,0.8924529552459717,0.3669727146625519,0.20092903077602386,0.0295268464833498,0.9996624999999999,0.56706702709198,0.5559638142585754,0.5555724501609802,,,,,,0.4869025692648086,,0.6029946804046631,0.1816350370645523,0.20686277747154236,0.08373155444860458,-0.08287017792463303,0.007646151818335056,0.6465851068496704,0.5064579844474792,0.33527567982673645,0.5354721546173096,0.5399456024169922,0.40328824520111084,1.8256295919418335,22926.56881509536,27.423036132037314,1.957165209334584,0.9913135873982337,10.855158797770748,91.29176794313494,12.895719173579254
ARG,Argentina,Argentine Peso,1997-01-01,568161.0,566384.25,35.657429,12.762511253356934,1895.9610418819373,2.6345345973968506,443913.6875,554267.5625,549969.5625,549191.0625,1980085.875,0.03213746100664139,0.8089302778244019,0.8062516450881958,679711.625,523364.75,607394.5625,2158917.75,0.6019428372383118,1.0547488927841187,0.9373262524604797,0.35687369108200073,0.21807362139225006,0.029947690665721893,0.9994999999999999,0.5940182209014893,0.577363908290863,0.5781823396682739,,,,,,,,0.6310540437698364,0.20093896985054016,0.17725063860416412,0.09256602823734283,-0.10633541643619537,0.004525715950876474,0.6505107879638672,0.510369598865509,0.39289137721061707,0.5199188590049744,0.5196952223777771,0.39753347635269165,1.8976267576217651,24197.22413294456,28.09047935686852,1.9880933823723184,1.019386839357543,10.882911841080045,89.22171147146709,12.21947547996745
ARG,Argentina,Argentine Peso,1998-01-01,570521.625,565211.8125,36.063459,13.351142883300781,1903.0,2.6420669555664062,443735.59375,557873.0,549893.0625,548851.0,2011836.0,0.031575821340084076,0.7657354474067688,0.764201283454895,705881.75,541460.8125,631691.9375,2229118.25,0.6245396733283997,1.05006742477417,0.9345145225524902,0.36957648396492004,0.20985887944698334,0.03048889711499214,0.9994999999999999,0.6077269315719604,0.5894511342048645,0.590570330619812,,,,,,,,0.6487851738929749,0.20795699954032898,0.15969575941562653,0.09831378608942032,-0.1154915988445282,0.0007398062152788043,0.6437435150146484,0.5183998942375183,0.4614046812057495,0.48987877368927,0.49500542879104614,0.40162330865859985,1.8941506147384644,25407.224906921387,27.782717419394555,1.9821158106322414,1.0105542620953172,10.875601019111016,87.73560505589684,12.087985111695918
ARG,Argentina,Argentine Peso,1999-01-01,534873.375,532079.6875,36.467217999999995,13.461274147033691,1887.2850062069106,2.649620771408081,429559.90625,527300.4375,516788.59375,518102.09375,1998675.375,0.030208682641386986,0.7154215574264526,0.707815945148468,681984.4375,534444.75,610685.0,2276613.25,0.6393569111824036,0.9988321661949158,0.8894689083099365,0.39151379466056824,0.1843392252922058,0.030831241980195045,0.9994999999999999,0.6121489405632019,0.5948470234870911,0.5933389663696289,,,,,,,68.33333333333333,0.6745666265487671,0.18865109980106354,0.15453621745109558,0.09481301158666611,-0.09930237382650375,-0.013264557346701622,0.6318519711494446,0.5188069939613342,0.5261430144309998,0.47498616576194763,0.49579307436943054,0.4106363356113434,1.7190805673599243,25405.260862137406,26.844221013939354,1.9414041871869172,0.9669876625583284,10.832945136172858,89.61188245041555,12.859511609953772
ARG,Argentina,Argentine Peso,2000-01-01,528719.3125,528448.75,36.870787,13.598359107971191,1862.1362674780219,2.657196044921875,419041.875,509743.21875,511804.03125,514538.96875,1958924.125,0.028106551617383957,0.7087386846542358,0.6754027605056763,676603.6875,531979.8125,601688.5,2313178.0,0.6503062844276428,0.9809260964393616,0.8674992918968201,0.39110618829727173,0.1864052265882492,0.030855195596814156,0.9994999999999999,0.6233663558959961,0.6020824909210205,0.5988821387290955,,,,,,,,0.6728711724281311,0.17627689242362976,0.14153143763542175,0.11222653836011887,-0.10349082946777344,0.0005848233704455197,0.6319764256477356,0.5037505626678467,0.5824320912361145,0.4561617970466614,0.474749892950058,0.41366270184516907,1.7941190004348755,25321.997673143236,26.71999643288857,1.9310009778496937,0.9537295294801051,10.814891853721132,91.35053362923968,13.24609969618751
ARG,Argentina,Argentine Peso,2001-01-01,493202.1875,496567.28125,37.275652,13.505481719970703,1811.1525697346522,2.6830029487609863,392273.65625,467988.46875,479030.34375,484168.34375,1908897.625,0.026436258107423782,0.6842665076255798,0.6346738338470459,646773.3125,504601.46875,561362.375,2330541.5,0.6544852256774902,0.9433155655860901,0.81422358751297,0.39978456497192383,0.17200210690498352,0.030586838722229004,0.9994999999999999,0.6291349530220032,0.6081759333610535,0.6017219424247742,,,,,,,,0.6752724051475525,0.15638114511966705,0.13492852449417114,0.12329095602035522,-0.09133695065975189,0.0014638841385021806,0.628882110118866,0.49958837032318115,0.6304005980491638,0.4457775056362152,0.45952048897743225,0.42063796520233154,1.737971544265747,24460.48792262931,26.441554009298642,1.9078977346456103,0.920961064149061,10.776655488653123,95.27780097321481,14.138465186875562
ARG,Argentina,Argentine Peso,2002-01-01,457226.21875,425342.15625,37.681748999999996,13.412664413452148,1710.0365596731456,2.709059953689575,337333.125,385269.75,445077.75,416045.65625,1804633.125,0.024479206651449203,0.6125455498695374,0.5400598645210266,576310.625,439542.09375,469256.78125,2310202.75,0.6469777822494507,0.8635594844818115,0.6992648839950562,0.31755295395851135,0.1560901254415512,0.030003508552908897,3.0632566666666667,0.24786265194416046,0.24845902621746063,0.2657967805862427,,,,,,,,0.6739441752433777,0.11521964520215988,0.13686375319957733,0.13938617706298828,-0.04859406128525734,-0.016819730401039124,0.2500130832195282,0.2526557445526123,0.23727357387542725,0.4433337152004242,0.4446451663970947,0.20419883728027344,0.7610896229743958,22936.14650963014,25.126741528182425,1.8402197423592879,0.8436180482020077,10.668202707725596,100.72322955514873,15.9930893217903
ARG,Argentina,Argentine Peso,2003-01-01,481738.78125,461437.0625,38.087868,14.069103240966797,1713.5746140705596,2.735370397567749,358439.9375,422622.65625,469548.59375,448489.09375,1784050.25,0.023405836895108223,0.649009644985199,0.5805680155754089,627239.5,470731.5,520793.75,2315829.25,0.6477257013320923,0.9217496514320374,0.7610984444618225,0.31013572216033936,0.1716490089893341,0.029428184032440186,2.9006291666666666,0.2983509600162506,0.29910460114479065,0.3131495416164398,,,,,,,,0.6766664385795593,0.14310875535011292,0.12255017459392548,0.13832345604896545,-0.06603652238845825,-0.014612304978072643,0.2995276153087616,0.3033134341239929,0.29185402393341064,0.4825984835624695,0.4676683247089386,0.24642100930213928,0.9543260931968689,24108.45815645854,26.017404179452495,1.8892775946114193,0.8830107391803348,10.705102590795471,96.05878712652557,14.522261897630553
ARG,Argentina,Argentine Peso,2004-01-01,518568.3125,504759.0,38.491972,14.996856689453125,1743.3998755515925,2.7619361877441406,386235.65625,470011.09375,505402.34375,489746.25,1797717.625,0.023067031055688858,0.6730808615684509,0.6097084879875183,683876.5,510572.40625,585965.5,2353516.75,0.6596524715423584,0.9643454551696777,0.821717381477356,0.32479485869407654,0.17177042365074158,0.02923794835805893,2.923300818903319,0.3241574764251709,0.3283478021621704,0.338844358921051,,,,,,,92.2222222222222,0.6793773174285889,0.17105884850025177,0.10926710069179535,0.1357010006904602,-0.09233211725950241,-0.0030721582006663084,0.3208580017089844,0.34766682982444763,0.3446720540523529,0.5202558040618896,0.49636417627334595,0.28181445598602295,1.0387208461761475,26145.518086057644,26.15654804578854,1.9141031040789203,0.8981711529995022,10.72769199964078,90.01606861464474,13.275033497509046
ARG,Argentina,Argentine Peso,2005-01-01,554101.125,548929.1875,38.892931,15.749588966369629,1771.678525116211,2.788760185241699,421394.4375,515729.8125,548210.5625,536323.5,1847660.0,0.023285117000341415,0.701165497303009,0.6254419684410095,744411.0,550239.25,639305.0,2406985.75,0.677215039730072,1.0061732530593872,0.8593370318412781,0.3389502763748169,0.16843076050281525,0.02945372834801674,2.9036575,0.35795125365257263,0.3659583330154419,0.3740693926811218,,,,,,0.827094864628918,88.8888888888889,0.6795893311500549,0.1758926808834076,0.10612010955810547,0.13991312682628632,-0.10385221242904663,0.0023369216360151768,0.34701353311538696,0.40172573924064636,0.42799603939056396,0.5344760417938232,0.5150712728500366,0.3291924297809601,1.1078249216079712,27903.208551124295,26.67832979265052,1.9466349675673922,0.921037848548874,10.763534313084923,86.26197039634053,12.314209825315784
ARG,Argentina,Argentine Peso,2006-01-01,607265.25,599530.125,39.289878,16.29812240600586,1775.920325683024,2.7969753742218018,463847.46875,563835.4375,597409.3125,585043.125,1943604.5,0.02354181930422783,0.7405960559844971,0.6669570803642273,804314.8125,603854.8125,697893.375,2475046.75,0.700711190700531,1.048696756362915,0.9049162864685059,0.3555392324924469,0.16929329931735992,0.029917355626821518,3.054313333333333,0.3825249671936035,0.3923461437225342,0.40063926577568054,,,,,,,88.8888888888889,0.6802576780319214,0.17090700566768646,0.11258554458618164,0.1427130103111267,-0.10979057103395462,0.0033273245207965374,0.37263116240501404,0.437906950712204,0.44230470061302185,0.5574847459793091,0.5317198038101196,0.3535378873348236,1.1774005889892578,28944.166851295715,27.78849419408989,1.9900282959793594,0.9614896861523169,10.806696117995891,85.51107249746946,11.688641689101274
ARG,Argentina,Argentine Peso,2007-01-01,671212.625,665477.25,39.684295,16.96141242980957,1787.5447239313905,2.8052146434783936,511617.65625,630404.3125,659283.0625,647639.875,2122918.25,0.02477095276117325,0.7770870923995972,0.7142250537872314,876764.6875,658707.0625,776682.5625,2567440.75,0.735045850276947,1.0891653299331665,0.9595106244087219,0.364846795797348,0.17853276431560516,0.030628250911831856,3.095648849206349,0.4277113974094391,0.4395003318786621,0.44740167260169983,,,,,,,85.5555555555555,0.6654309630393982,0.18341466784477234,0.1245415061712265,0.14015933871269226,-0.11913636326789856,0.005589888896793127,0.42042794823646545,0.4902757704257965,0.4666271507740021,0.6144967675209045,0.579426109790802,0.37642475962638855,1.2982313632965088,30319.283299330404,28.917724698306547,2.032790435878892,1.0013103780926935,10.853053013116282,84.68012665908569,11.090517967909395
ARG,Argentina,Argentine Peso,2008-01-01,720762.6875,718254.625,40.08016,17.370250701904297,1789.7649726240065,2.8134782314300537,557589.4375,685753.125,712242.3125,700603.9375,2376898.25,0.027019185945391655,0.7924759387969971,0.7374967932701111,912337.0625,703837.3125,829625.6875,2665784.0,0.7716404795646667,1.0881801843643188,0.9840635657310486,0.40367910265922546,0.17217721045017242,0.03153057396411896,3.1441645598845596,0.5030204057693481,0.5133707523345947,0.5218988060951233,,,,,,,86.6666666666667,0.6570162773132324,0.18293316662311554,0.13885340094566345,0.14784376323223114,-0.1294955313205719,0.002848939038813114,0.5010309815406799,0.5584011077880859,0.5124335885047913,0.6759886145591736,0.6333614587783813,0.4095327854156494,1.3853899240493774,31088.666271965874,29.346291491529747,2.043743137760832,1.0093216150845497,10.86900577366209,85.74777626931728,11.108016059792204
ARG,Argentina,Argentine Peso,2009-01-01,692100.375,684293.3125,40.482788,17.562055587768555,1751.6228442566405,2.8217661380767822,548701.4375,646751.125,681255.6875,669053.1875,2614003.75,0.0291008111089468,0.7334376573562622,0.6890054941177368,858340.1875,679907.375,768217.0625,2714704.75,0.7878239750862122,1.0148755311965942,0.9033015370368958,0.44385451078414917,0.1426418274641037,0.032025035470724106,3.71010683052328,0.4835546910762787,0.4937344193458557,0.5027393698692322,,,,,,,87.7777777777778,0.6409406065940857,0.14654995501041412,0.1791757345199585,0.13138480484485626,-0.09849737584590912,0.0004463055229280144,0.49398642778396606,0.5507017374038696,0.44623875617980957,0.6333327889442444,0.5885609984397888,0.3718933165073395,1.088108777999878,30762.097759640383,27.902524535440985,1.9846706282359692,0.9473076492255942,10.79701514665412,88.24836235848876,12.127608049517276
ARG,Argentina,Argentine Peso,2010-01-01,787148.625,784810.125,40.895752,18.076745986938477,1760.2247824375165,2.830078363418579,625851.6875,754986.0,777507.5625,768478.25,2876207.25,0.0320892333984375,0.7775257229804993,0.736662745475769,945250.5625,748158.9375,873453.3125,2797080.5,0.8184974789619446,1.076451301574707,0.9891966581344604,0.4406924247741699,0.1660890132188797,0.03244294971227646,3.8962951544705,0.5410575270652771,0.5485315322875977,0.5549765825271606,,,,,,,86.6666666666667,0.6163555383682251,0.16803902387619019,0.198048397898674,0.13693949580192566,-0.12163078784942627,0.0022483919747173786,0.5783745050430298,0.584754467010498,0.42492181062698364,0.6479518413543701,0.6075958609580994,0.3827895224094391,1.2034798860549927,31819.13627203703,29.70698369743919,2.0485030809147657,1.0081986793890725,10.864578956666266,87.90560737055901,11.333472489447077
ARG,Argentina,Argentine Peso,2011-01-01,884236.0625,882632.375,41.320499999999996,18.48802947998047,1760.2303688691725,2.8585422039031982,714266.1875,864195.5625,879071.8125,868765.0625,3099233.75,0.03437627851963043,0.8283932209014893,0.7907131910324097,1002002.9375,811162.5625,959044.375,2901287.0,0.8587706089019775,1.095310091972351,1.0425628423690796,0.4731239974498749,0.1635846346616745,0.03339606523513794,4.11013957621326,0.5931199789047241,0.6030886173248291,0.6102434992790222,,,,,,,85.5555555555555,0.5914440751075745,0.1725776046514511,0.23071858286857605,0.14157235622406006,-0.13487882912158966,-0.0014338069595396519,0.662615954875946,0.6505791544914246,0.41496801376342773,0.6833808422088623,0.6342428922653198,0.422548770904541,1.2834259271621704,32543.190951210156,30.789941250759227,2.0800855885044225,1.0297738125384737,10.90038802474181,89.15189061667944,11.136811388823848
ARG,Argentina,Argentine Peso,2012-01-01,895048.8125,902396.0,41.755196,18.791292190551758,1736.103360116803,2.8872923851013184,730789.375,867841.0,885093.0625,882438.8125,3156028.75,0.03450581058859825,0.8197735548019409,0.7746367454528809,991718.125,823229.9375,950525.6875,2982628.5,0.8877297639846802,1.059535026550293,1.0099186897277832,0.5201793313026428,0.14068523049354553,0.034249819815158844,4.53693436018746,0.6488191485404968,0.6569150686264038,0.6588909029960632,,,,,,,85.5555555555555,0.5871866345405579,0.15531009435653687,0.24096070230007172,0.13612483441829681,-0.11771362274885178,-0.0018686624243855476,0.7282907366752625,0.70008385181427,0.4551583230495453,0.6737084984779358,0.6595181226730347,0.4679722189903259,1.2328037023544312,32623.625512953546,30.398771117766422,2.0597451329913534,0.9994259609920737,10.873800616523125,91.4254149593434,11.655502310335564
ARG,Argentina,Argentine Peso,2013-01-01,903833.0,904232.0,42.19603,19.124418258666992,1725.8735529094804,2.9163317680358887,756548.625,893998.6875,893109.3125,885112.9375,3166597.5,0.033588770776987076,0.8134486675262451,0.795041024684906,1015572.1875,855990.5625,989467.0,3062993.25,0.9162368178367615,1.0568348169326782,1.0239839553833008,0.5439176559448242,0.1260422170162201,0.0348166860640049,5.45935266465704,0.6711897253990173,0.6867199540138245,0.6929239630699158,,,,,,,76.6666666666667,0.5970897078514099,0.15529100596904755,0.257658451795578,0.12382853776216507,-0.12801550328731537,-0.005852146074175835,0.7657873034477234,0.7722011804580688,0.45197218656539917,0.6992002129554749,0.6500452756881714,0.5117477178573608,1.219220757484436,33006.32768741254,30.769014872481673,2.0673735894015035,0.9970470066803806,10.879996781745703,92.80018301363829,11.740859494771561
ARG,Argentina,Argentine Peso,2014-01-01,878697.25,879837.75,42.637510999999996,19.3830509185791,1705.4283684101129,2.9456627368927,736272.8125,867122.25,870641.0625,864304.0,3204576.5,0.03315708786249161,0.7819337844848633,0.7575272917747498,990054.75,831096.4375,954931.6875,3126707.75,0.9365702271461487,1.0136449337005615,0.9722868800163269,0.5439176559448242,0.11698213219642639,0.03513248264789581,8.07527599281334,0.6340980529785156,0.6513018608093262,0.6560772657394409,,,,,,,83.3333333333333,0.5821949243545532,0.15139281749725342,0.2696729898452759,0.1117485910654068,-0.1137397512793541,-0.0012695632176473737,0.7368038892745972,0.7481056451797485,0.4123671352863312,0.7075143456459045,0.664492130279541,0.49791669845581055,1.096826434135437,33056.404902882496,29.950466570963012,2.034688737456133,0.9543549076757089,10.84111650340022,94.58704778048484,12.36452905845081
ARG,Argentina,Argentine Peso,2015-01-01,914850.1875,913103.5,43.075416,19.854450225830078,1703.4685392099657,2.9752891063690186,783329.4375,916658.25,906909.6875,904271.3125,3234959.75,0.03281386196613312,0.7922858595848083,0.7743534445762634,1017094.75,867171.1875,996734.375,3193485.0,0.957966685295105,1.0123841762542725,0.9866403341293335,0.5439176559448242,0.12370641529560089,0.035216186195611954,9.23318552472429,0.6915939450263977,0.7110997438430786,0.7131744623184204,,,,,,,95.5555666666667,0.5769910216331482,0.14744338393211365,0.28926387429237366,0.09905654937028885,-0.10730703175067902,-0.005447819363325834,0.8146116733551025,0.8256993293762207,0.4462120234966278,0.633933424949646,0.6204260587692261,0.541799783706665,1.2154428958892822,33821.43132301173,30.072492801568092,2.039278870042007,0.9489376571545145,10.844032662123228,94.42193529601414,12.28641943644311
ARG,Argentina,Argentine Peso,2016-01-01,911368.0,908771.3125,43.50846,19.723175048828125,1646.5125323174207,3.005213499069214,780433.125,914137.3125,904730.875,902696.9375,3183677.75,0.031592901796102524,0.8103548884391785,0.7927774786949158,995935.8125,860878.3125,981893.25,3246538.25,0.9759796857833862,0.9994513392448425,0.9799187183380127,0.5439176559448242,0.12720826268196106,0.0353776253759861,14.7581750873396,0.5956317782402039,0.6162410378456116,0.6176295280456543,,,,,,,88.8889,0.5760834217071533,0.1481163501739502,0.28847378492355347,0.10216949135065079,-0.10091529041528702,-0.01392778567969799,0.7046164274215698,0.7365379333496094,0.37798893451690674,0.6275674700737,0.6137575507164001,0.46780940890312195,1.0569813251495361,32474.454894985764,30.668284216643713,2.041761800157961,0.9414131867514098,10.829643746461729,99.97206297991728,12.976356575324367
ARG,Argentina,Argentine Peso,2017-01-01,1026128.125,1022513.25,43.93714,20.033660888671875,1648.8128319055493,3.0354387760162354,892869.6875,1028190.3125,1026128.125,1022513.25,3316644.25,0.032473981380462646,0.8789559602737427,0.850192666053772,1022513.25,892869.75,1028190.25,3316644.25,1.0,1.0,1.0,0.5439176559448242,0.13109669089317322,0.0356701985001564,16.5627069251411,0.6045002937316895,0.6263307332992554,0.6285450458526611,,,,,,0.6488080232596923,85.5555666666667,0.6504235863685608,0.1323411911725998,0.2227872759103775,0.08960235863924026,-0.10639382153749466,0.011239430867135525,0.640839159488678,0.7703717350959778,0.4984097480773926,0.6372456550598145,0.6149449348449707,0.5125174522399902,1.1436771154403687,33031.757143286515,30.955460394204884,2.04977760599364,0.9394216199329432,10.84036022199489,100.40774505615684,12.928856359735612
ARG,Argentina,Argentine Peso,2018-01-01,1025860.9375,1021129.3125,44.361149999999995,20.13507080078125,1638.4400391564332,3.0659680366516113,870688.25,995996.0625,1025747.0625,1022236.4375,3361086.5,0.0323740653693676,0.8594030737876892,0.8051062226295471,997136.625,869969.1875,995123.3125,3372807.5,1.0172498226165771,0.9630131125450134,0.9557623863220215,0.5439176559448242,0.1297520101070404,0.03582340106368065,28.0949916666667,0.4846722483634949,0.5068224668502808,0.5085629820823669,,,,,,,81.1111,0.6347498893737793,0.12258199602365494,0.21699847280979156,0.0906793549656868,-0.10148240625858307,0.03647268936038017,0.5215414762496948,0.6607311367988586,0.3768247365951538,0.6640904545783997,0.6308230757713318,0.41290467977523804,0.8758862018585205,32990.106191249586,30.225323289940913,2.0204921750195313,0.9001288197215725,10.810179965062465,102.23693977967902,13.55561541745876
ARG,Argentina,Argentine Peso,2019-01-01,991646.3125,977420.5625,44.780677,20.64321517944336,1609.0689977826453,3.09680438041687,826692.5625,930002.375,991465.4375,978558.8125,3374818.5,0.03131192550063133,0.8121843338012695,0.7423732876777649,975569.0,822399.5625,921896.5,3399148.5,1.0222632884979248,0.9315008521080017,0.8753926753997803,0.5439176559448242,0.11915551871061325,0.03549220785498619,48.1478916666667,0.43322381377220154,0.45353424549102783,0.45951607823371887,,,,,,,80.0,0.6203829646110535,0.10557343065738678,0.22442324459552765,0.10272827744483948,-0.07954215258359909,0.026434272527694702,0.47680914402008057,0.6160597205162048,0.31273895502090454,0.6477363705635071,0.6311296224594116,0.3779456317424774,0.7584496736526489,33216.357559798416,29.370137837772017,1.991507102580729,0.8611363678026014,10.763389466821645,102.33357146040515,13.96746481534093
